model,data_path,custom_params,mse,mae,acc,smape,f_score,crps,mre,naps,picp,pinaw,cwc,setting,seed,task_name,is_training,model_id,data,features,target,freq,lag,scaler,reindex,reindex_tolerance,pin_memory,seq_len,label_len,pred_len,seasonal_patterns,inverse,mask_rate,anomaly_ratio,expand,d_conv,top_k,num_kernels,enc_in,dec_in,c_out,d_model,n_heads,e_layers,d_layers,d_ff,moving_avg,series_decomp_mode,factor,distil,dropout,embed,activation,output_attention,channel_independence,decomp_method,use_norm,down_sampling_layers,down_sampling_window,down_sampling_method,seg_len,num_workers,train_epochs,stop_epochs,batch_size,patience,learning_rate,des,loss,lradj,use_amp,use_gpu,gpu,use_multi_gpu,devices,p_hidden_dims,p_hidden_layers,use_dtw,augmentation_ratio,jitter,scaling,permutation,randompermutation,magwarp,timewarp,windowslice,windowwarp,rotation,spawner,dtwwarp,shapedtwwarp,wdba,discdtw,discsdtw,extra_tag,lstm_hidden_size,lstm_layers,num_spline,sample_times,run_time,train_checkpoint_path,test_checkpoint_path
DLinear,wind/Zone1/Zone1.csv,,0.89816254,0.7354565,,,,,,,,,,long_term_forecast_wind_96_16_DLinear_custom_ftMS_sl96_ll96_pl16_dm128_nh8_el2_dl1_dmavg_ma25_df2048_expand2_dc4_fc1_ebtimeF_dtTrue_deExp_2025-11-24 19-24-04,2021,long_term_forecast,1,wind_96_16,custom,MS,wind,t,0,StandardScaler,0,0.9,False,96,96,16,Monthly,False,0.25,0.25,2,4,5,6,5,5,5,128,8,2,1,2048,25,avg,1,True,0.1,timeF,gelu,False,1,moving_avg,1,0,1,,48,0,100,45,32,15,0.0001,Exp,auto,type1,False,True,0,False,"0,1,2,3","[128, 128]",2,False,0,False,False,False,False,False,False,False,False,False,False,False,False,False,False,False,,512,1,20,99,2025-11-24 19-24-04,,
DLinear,wind/Zone2/Zone2.csv,,0.9417961,0.77183306,,,,,,,,,,long_term_forecast_wind_96_16_DLinear_custom_ftMS_sl96_ll96_pl16_dm128_nh8_el2_dl1_dmavg_ma25_df2048_expand2_dc4_fc1_ebtimeF_dtTrue_deExp_2025-11-24 19-25-46,2021,long_term_forecast,1,wind_96_16,custom,MS,wind,t,0,StandardScaler,0,0.9,False,96,96,16,Monthly,False,0.25,0.25,2,4,5,6,5,5,5,128,8,2,1,2048,25,avg,1,True,0.1,timeF,gelu,False,1,moving_avg,1,0,1,,48,0,100,32,32,15,0.0001,Exp,auto,type1,False,True,0,False,"0,1,2,3","[128, 128]",2,False,0,False,False,False,False,False,False,False,False,False,False,False,False,False,False,False,,512,1,20,99,2025-11-24 19-25-46,,
DLinear,wind/Zone3/Zone3.csv,,0.7726138,0.7240098,,,,,,,,,,long_term_forecast_wind_96_16_DLinear_custom_ftMS_sl96_ll96_pl16_dm128_nh8_el2_dl1_dmavg_ma25_df2048_expand2_dc4_fc1_ebtimeF_dtTrue_deExp_2025-11-24 19-26-59,2021,long_term_forecast,1,wind_96_16,custom,MS,wind,t,0,StandardScaler,0,0.9,False,96,96,16,Monthly,False,0.25,0.25,2,4,5,6,5,5,5,128,8,2,1,2048,25,avg,1,True,0.1,timeF,gelu,False,1,moving_avg,1,0,1,,48,0,100,39,32,15,0.0001,Exp,auto,type1,False,True,0,False,"0,1,2,3","[128, 128]",2,False,0,False,False,False,False,False,False,False,False,False,False,False,False,False,False,False,,512,1,20,99,2025-11-24 19-26-59,,
DLinear,wind/Zone4/Zone4.csv,,0.90187186,0.77190036,,,,,,,,,,long_term_forecast_wind_96_16_DLinear_custom_ftMS_sl96_ll96_pl16_dm128_nh8_el2_dl1_dmavg_ma25_df2048_expand2_dc4_fc1_ebtimeF_dtTrue_deExp_2025-11-24 19-27-58,2021,long_term_forecast,1,wind_96_16,custom,MS,wind,t,0,StandardScaler,0,0.9,False,96,96,16,Monthly,False,0.25,0.25,2,4,5,6,5,5,5,128,8,2,1,2048,25,avg,1,True,0.1,timeF,gelu,False,1,moving_avg,1,0,1,,48,0,100,45,32,15,0.0001,Exp,auto,type1,False,True,0,False,"0,1,2,3","[128, 128]",2,False,0,False,False,False,False,False,False,False,False,False,False,False,False,False,False,False,,512,1,20,99,2025-11-24 19-27-58,,
DLinear,wind/Zone5/Zone5.csv,,0.86151123,0.774869,,,,,,,,,,long_term_forecast_wind_96_16_DLinear_custom_ftMS_sl96_ll96_pl16_dm128_nh8_el2_dl1_dmavg_ma25_df2048_expand2_dc4_fc1_ebtimeF_dtTrue_deExp_2025-11-24 19-29-12,2021,long_term_forecast,1,wind_96_16,custom,MS,wind,t,0,StandardScaler,0,0.9,False,96,96,16,Monthly,False,0.25,0.25,2,4,5,6,5,5,5,128,8,2,1,2048,25,avg,1,True,0.1,timeF,gelu,False,1,moving_avg,1,0,1,,48,0,100,45,32,15,0.0001,Exp,auto,type1,False,True,0,False,"0,1,2,3","[128, 128]",2,False,0,False,False,False,False,False,False,False,False,False,False,False,False,False,False,False,,512,1,20,99,2025-11-24 19-29-12,,
DLinear,wind/Zone6/Zone6.csv,,0.8044033,0.752398,,,,,,,,,,long_term_forecast_wind_96_16_DLinear_custom_ftMS_sl96_ll96_pl16_dm128_nh8_el2_dl1_dmavg_ma25_df2048_expand2_dc4_fc1_ebtimeF_dtTrue_deExp_2025-11-24 19-30-29,2021,long_term_forecast,1,wind_96_16,custom,MS,wind,t,0,StandardScaler,0,0.9,False,96,96,16,Monthly,False,0.25,0.25,2,4,5,6,5,5,5,128,8,2,1,2048,25,avg,1,True,0.1,timeF,gelu,False,1,moving_avg,1,0,1,,48,0,100,45,32,15,0.0001,Exp,auto,type1,False,True,0,False,"0,1,2,3","[128, 128]",2,False,0,False,False,False,False,False,False,False,False,False,False,False,False,False,False,False,,512,1,20,99,2025-11-24 19-30-29,,
DLinear,wind/Zone7/Zone7.csv,,0.9465758,0.7696923,,,,,,,,,,long_term_forecast_wind_96_16_DLinear_custom_ftMS_sl96_ll96_pl16_dm128_nh8_el2_dl1_dmavg_ma25_df2048_expand2_dc4_fc1_ebtimeF_dtTrue_deExp_2025-11-24 19-31-40,2021,long_term_forecast,1,wind_96_16,custom,MS,wind,t,0,StandardScaler,0,0.9,False,96,96,16,Monthly,False,0.25,0.25,2,4,5,6,5,5,5,128,8,2,1,2048,25,avg,1,True,0.1,timeF,gelu,False,1,moving_avg,1,0,1,,48,0,100,45,32,15,0.0001,Exp,auto,type1,False,True,0,False,"0,1,2,3","[128, 128]",2,False,0,False,False,False,False,False,False,False,False,False,False,False,False,False,False,False,,512,1,20,99,2025-11-24 19-31-40,,
DLinear,wind/Zone8/Zone8.csv,,0.88684916,0.7421958,,,,,,,,,,long_term_forecast_wind_96_16_DLinear_custom_ftMS_sl96_ll96_pl16_dm128_nh8_el2_dl1_dmavg_ma25_df2048_expand2_dc4_fc1_ebtimeF_dtTrue_deExp_2025-11-24 19-33-02,2021,long_term_forecast,1,wind_96_16,custom,MS,wind,t,0,StandardScaler,0,0.9,False,96,96,16,Monthly,False,0.25,0.25,2,4,5,6,5,5,5,128,8,2,1,2048,25,avg,1,True,0.1,timeF,gelu,False,1,moving_avg,1,0,1,,48,0,100,45,32,15,0.0001,Exp,auto,type1,False,True,0,False,"0,1,2,3","[128, 128]",2,False,0,False,False,False,False,False,False,False,False,False,False,False,False,False,False,False,,512,1,20,99,2025-11-24 19-33-02,,
DLinear,wind/Zone9/Zone9.csv,,0.7724626,0.70552266,,,,,,,,,,long_term_forecast_wind_96_16_DLinear_custom_ftMS_sl96_ll96_pl16_dm128_nh8_el2_dl1_dmavg_ma25_df2048_expand2_dc4_fc1_ebtimeF_dtTrue_deExp_2025-11-24 19-34-45,2021,long_term_forecast,1,wind_96_16,custom,MS,wind,t,0,StandardScaler,0,0.9,False,96,96,16,Monthly,False,0.25,0.25,2,4,5,6,5,5,5,128,8,2,1,2048,25,avg,1,True,0.1,timeF,gelu,False,1,moving_avg,1,0,1,,48,0,100,45,32,15,0.0001,Exp,auto,type1,False,True,0,False,"0,1,2,3","[128, 128]",2,False,0,False,False,False,False,False,False,False,False,False,False,False,False,False,False,False,,512,1,20,99,2025-11-24 19-34-45,,
DLinear,wind/Zone10/Zone10.csv,,0.85498583,0.785308,,,,,,,,,,long_term_forecast_wind_96_16_DLinear_custom_ftMS_sl96_ll96_pl16_dm128_nh8_el2_dl1_dmavg_ma25_df2048_expand2_dc4_fc1_ebtimeF_dtTrue_deExp_2025-11-24 19-36-18,2021,long_term_forecast,1,wind_96_16,custom,MS,wind,t,0,StandardScaler,0,0.9,False,96,96,16,Monthly,False,0.25,0.25,2,4,5,6,5,5,5,128,8,2,1,2048,25,avg,1,True,0.1,timeF,gelu,False,1,moving_avg,1,0,1,,48,0,100,45,32,15,0.0001,Exp,auto,type1,False,True,0,False,"0,1,2,3","[128, 128]",2,False,0,False,False,False,False,False,False,False,False,False,False,False,False,False,False,False,,512,1,20,99,2025-11-24 19-36-18,,

DLinear,wind/Zone1/Zone1.csv,,0.8343958,0.69116765,,,,,,,,,,long_term_forecast_wind_96_16_DLinear_custom_ftMS_sl96_ll96_pl16_dm128_nh8_el2_dl1_dmavg_ma25_df2048_expand2_dc4_fc1_ebtimeF_dtTrue_deExp_2025-11-24 19-36-18,2021,long_term_forecast,0,wind_96_16,custom,MS,wind,t,0,StandardScaler,0,0.9,False,96,96,16,Monthly,False,0.25,0.25,2,4,5,6,5,5,5,128,8,2,1,2048,25,avg,1,True,0.1,timeF,gelu,False,1,moving_avg,1,0,1,,48,0,100,,32,15,0.0001,Exp,auto,type1,False,True,0,False,"0,1,2,3","[128, 128]",2,False,0,False,False,False,False,False,False,False,False,False,False,False,False,False,False,False,,512,1,20,99,2025-11-24 19-36-18,,save/maml_wind_5_way_5_shot_2025_11_24_13_16_57/min-vl.pth
DLinear,wind/Zone2/Zone2.csv,,0.8669386,0.72146636,,,,,,,,,,long_term_forecast_wind_96_16_DLinear_custom_ftMS_sl96_ll96_pl16_dm128_nh8_el2_dl1_dmavg_ma25_df2048_expand2_dc4_fc1_ebtimeF_dtTrue_deExp_2025-11-24 19-36-18,2021,long_term_forecast,0,wind_96_16,custom,MS,wind,t,0,StandardScaler,0,0.9,False,96,96,16,Monthly,False,0.25,0.25,2,4,5,6,5,5,5,128,8,2,1,2048,25,avg,1,True,0.1,timeF,gelu,False,1,moving_avg,1,0,1,,48,0,100,,32,15,0.0001,Exp,auto,type1,False,True,0,False,"0,1,2,3","[128, 128]",2,False,0,False,False,False,False,False,False,False,False,False,False,False,False,False,False,False,,512,1,20,99,2025-11-24 19-36-18,,save/maml_wind_5_way_5_shot_2025_11_24_13_16_57/min-vl.pth
DLinear,wind/Zone3/Zone3.csv,,0.73178214,0.6852877,,,,,,,,,,long_term_forecast_wind_96_16_DLinear_custom_ftMS_sl96_ll96_pl16_dm128_nh8_el2_dl1_dmavg_ma25_df2048_expand2_dc4_fc1_ebtimeF_dtTrue_deExp_2025-11-24 19-36-18,2021,long_term_forecast,0,wind_96_16,custom,MS,wind,t,0,StandardScaler,0,0.9,False,96,96,16,Monthly,False,0.25,0.25,2,4,5,6,5,5,5,128,8,2,1,2048,25,avg,1,True,0.1,timeF,gelu,False,1,moving_avg,1,0,1,,48,0,100,,32,15,0.0001,Exp,auto,type1,False,True,0,False,"0,1,2,3","[128, 128]",2,False,0,False,False,False,False,False,False,False,False,False,False,False,False,False,False,False,,512,1,20,99,2025-11-24 19-36-18,,save/maml_wind_5_way_5_shot_2025_11_24_13_16_57/min-vl.pth
DLinear,wind/Zone4/Zone4.csv,,0.8345205,0.72398704,,,,,,,,,,long_term_forecast_wind_96_16_DLinear_custom_ftMS_sl96_ll96_pl16_dm128_nh8_el2_dl1_dmavg_ma25_df2048_expand2_dc4_fc1_ebtimeF_dtTrue_deExp_2025-11-24 19-36-18,2021,long_term_forecast,0,wind_96_16,custom,MS,wind,t,0,StandardScaler,0,0.9,False,96,96,16,Monthly,False,0.25,0.25,2,4,5,6,5,5,5,128,8,2,1,2048,25,avg,1,True,0.1,timeF,gelu,False,1,moving_avg,1,0,1,,48,0,100,,32,15,0.0001,Exp,auto,type1,False,True,0,False,"0,1,2,3","[128, 128]",2,False,0,False,False,False,False,False,False,False,False,False,False,False,False,False,False,False,,512,1,20,99,2025-11-24 19-36-18,,save/maml_wind_5_way_5_shot_2025_11_24_13_16_57/min-vl.pth
DLinear,wind/Zone5/Zone5.csv,,0.7932761,0.7233936,,,,,,,,,,long_term_forecast_wind_96_16_DLinear_custom_ftMS_sl96_ll96_pl16_dm128_nh8_el2_dl1_dmavg_ma25_df2048_expand2_dc4_fc1_ebtimeF_dtTrue_deExp_2025-11-24 19-36-18,2021,long_term_forecast,0,wind_96_16,custom,MS,wind,t,0,StandardScaler,0,0.9,False,96,96,16,Monthly,False,0.25,0.25,2,4,5,6,5,5,5,128,8,2,1,2048,25,avg,1,True,0.1,timeF,gelu,False,1,moving_avg,1,0,1,,48,0,100,,32,15,0.0001,Exp,auto,type1,False,True,0,False,"0,1,2,3","[128, 128]",2,False,0,False,False,False,False,False,False,False,False,False,False,False,False,False,False,False,,512,1,20,99,2025-11-24 19-36-18,,save/maml_wind_5_way_5_shot_2025_11_24_13_16_57/min-vl.pth
DLinear,wind/Zone6/Zone6.csv,,0.75651467,0.7057446,,,,,,,,,,long_term_forecast_wind_96_16_DLinear_custom_ftMS_sl96_ll96_pl16_dm128_nh8_el2_dl1_dmavg_ma25_df2048_expand2_dc4_fc1_ebtimeF_dtTrue_deExp_2025-11-24 19-36-18,2021,long_term_forecast,0,wind_96_16,custom,MS,wind,t,0,StandardScaler,0,0.9,False,96,96,16,Monthly,False,0.25,0.25,2,4,5,6,5,5,5,128,8,2,1,2048,25,avg,1,True,0.1,timeF,gelu,False,1,moving_avg,1,0,1,,48,0,100,,32,15,0.0001,Exp,auto,type1,False,True,0,False,"0,1,2,3","[128, 128]",2,False,0,False,False,False,False,False,False,False,False,False,False,False,False,False,False,False,,512,1,20,99,2025-11-24 19-36-18,,save/maml_wind_5_way_5_shot_2025_11_24_13_16_57/min-vl.pth
DLinear,wind/Zone7/Zone7.csv,,0.8768158,0.72251165,,,,,,,,,,long_term_forecast_wind_96_16_DLinear_custom_ftMS_sl96_ll96_pl16_dm128_nh8_el2_dl1_dmavg_ma25_df2048_expand2_dc4_fc1_ebtimeF_dtTrue_deExp_2025-11-24 19-36-18,2021,long_term_forecast,0,wind_96_16,custom,MS,wind,t,0,StandardScaler,0,0.9,False,96,96,16,Monthly,False,0.25,0.25,2,4,5,6,5,5,5,128,8,2,1,2048,25,avg,1,True,0.1,timeF,gelu,False,1,moving_avg,1,0,1,,48,0,100,,32,15,0.0001,Exp,auto,type1,False,True,0,False,"0,1,2,3","[128, 128]",2,False,0,False,False,False,False,False,False,False,False,False,False,False,False,False,False,False,,512,1,20,99,2025-11-24 19-36-18,,save/maml_wind_5_way_5_shot_2025_11_24_13_16_57/min-vl.pth
DLinear,wind/Zone8/Zone8.csv,,0.83507806,0.7011569,,,,,,,,,,long_term_forecast_wind_96_16_DLinear_custom_ftMS_sl96_ll96_pl16_dm128_nh8_el2_dl1_dmavg_ma25_df2048_expand2_dc4_fc1_ebtimeF_dtTrue_deExp_2025-11-24 19-36-18,2021,long_term_forecast,0,wind_96_16,custom,MS,wind,t,0,StandardScaler,0,0.9,False,96,96,16,Monthly,False,0.25,0.25,2,4,5,6,5,5,5,128,8,2,1,2048,25,avg,1,True,0.1,timeF,gelu,False,1,moving_avg,1,0,1,,48,0,100,,32,15,0.0001,Exp,auto,type1,False,True,0,False,"0,1,2,3","[128, 128]",2,False,0,False,False,False,False,False,False,False,False,False,False,False,False,False,False,False,,512,1,20,99,2025-11-24 19-36-18,,save/maml_wind_5_way_5_shot_2025_11_24_13_16_57/min-vl.pth
DLinear,wind/Zone9/Zone9.csv,,0.7326615,0.6677781,,,,,,,,,,long_term_forecast_wind_96_16_DLinear_custom_ftMS_sl96_ll96_pl16_dm128_nh8_el2_dl1_dmavg_ma25_df2048_expand2_dc4_fc1_ebtimeF_dtTrue_deExp_2025-11-24 19-36-18,2021,long_term_forecast,0,wind_96_16,custom,MS,wind,t,0,StandardScaler,0,0.9,False,96,96,16,Monthly,False,0.25,0.25,2,4,5,6,5,5,5,128,8,2,1,2048,25,avg,1,True,0.1,timeF,gelu,False,1,moving_avg,1,0,1,,48,0,100,,32,15,0.0001,Exp,auto,type1,False,True,0,False,"0,1,2,3","[128, 128]",2,False,0,False,False,False,False,False,False,False,False,False,False,False,False,False,False,False,,512,1,20,99,2025-11-24 19-36-18,,save/maml_wind_5_way_5_shot_2025_11_24_13_16_57/min-vl.pth
DLinear,wind/Zone10/Zone10.csv,,0.81326336,0.74131286,,,,,,,,,,long_term_forecast_wind_96_16_DLinear_custom_ftMS_sl96_ll96_pl16_dm128_nh8_el2_dl1_dmavg_ma25_df2048_expand2_dc4_fc1_ebtimeF_dtTrue_deExp_2025-11-24 19-36-18,2021,long_term_forecast,0,wind_96_16,custom,MS,wind,t,0,StandardScaler,0,0.9,False,96,96,16,Monthly,False,0.25,0.25,2,4,5,6,5,5,5,128,8,2,1,2048,25,avg,1,True,0.1,timeF,gelu,False,1,moving_avg,1,0,1,,48,0,100,,32,15,0.0001,Exp,auto,type1,False,True,0,False,"0,1,2,3","[128, 128]",2,False,0,False,False,False,False,False,False,False,False,False,False,False,False,False,False,False,,512,1,20,99,2025-11-24 19-36-18,,save/maml_wind_5_way_5_shot_2025_11_24_13_16_57/min-vl.pth

DLinear,wind/Zone1/Zone1.csv,,0.8404285,0.6899491,,,,,,,,,,long_term_forecast_wind_96_16_DLinear_custom_ftMS_sl96_ll96_pl16_dm128_nh8_el2_dl1_dmavg_ma25_df2048_expand2_dc4_fc1_ebtimeF_dtTrue_deExp_2025-11-24 19-43-05,2021,long_term_forecast,1,wind_96_16,custom,MS,wind,t,0,StandardScaler,0,0.9,False,96,96,16,Monthly,False,0.25,0.25,2,4,5,6,5,5,5,128,8,2,1,2048,25,avg,1,True,0.1,timeF,gelu,False,1,moving_avg,1,0,1,,48,0,100,17,32,15,0.0001,Exp,auto,type1,False,True,0,False,"0,1,2,3","[128, 128]",2,False,0,False,False,False,False,False,False,False,False,False,False,False,False,False,False,False,,512,1,20,99,2025-11-24 19-43-05,save/maml_wind_5_way_5_shot_2025_11_24_13_16_57/min-vl.pth,
DLinear,wind/Zone2/Zone2.csv,,0.90345246,0.72757727,,,,,,,,,,long_term_forecast_wind_96_16_DLinear_custom_ftMS_sl96_ll96_pl16_dm128_nh8_el2_dl1_dmavg_ma25_df2048_expand2_dc4_fc1_ebtimeF_dtTrue_deExp_2025-11-24 19-43-24,2021,long_term_forecast,1,wind_96_16,custom,MS,wind,t,0,StandardScaler,0,0.9,False,96,96,16,Monthly,False,0.25,0.25,2,4,5,6,5,5,5,128,8,2,1,2048,25,avg,1,True,0.1,timeF,gelu,False,1,moving_avg,1,0,1,,48,0,100,32,32,15,0.0001,Exp,auto,type1,False,True,0,False,"0,1,2,3","[128, 128]",2,False,0,False,False,False,False,False,False,False,False,False,False,False,False,False,False,False,,512,1,20,99,2025-11-24 19-43-24,save/maml_wind_5_way_5_shot_2025_11_24_13_16_57/min-vl.pth,
DLinear,wind/Zone3/Zone3.csv,,0.7445095,0.68676996,,,,,,,,,,long_term_forecast_wind_96_16_DLinear_custom_ftMS_sl96_ll96_pl16_dm128_nh8_el2_dl1_dmavg_ma25_df2048_expand2_dc4_fc1_ebtimeF_dtTrue_deExp_2025-11-24 19-43-52,2021,long_term_forecast,1,wind_96_16,custom,MS,wind,t,0,StandardScaler,0,0.9,False,96,96,16,Monthly,False,0.25,0.25,2,4,5,6,5,5,5,128,8,2,1,2048,25,avg,1,True,0.1,timeF,gelu,False,1,moving_avg,1,0,1,,48,0,100,45,32,15,0.0001,Exp,auto,type1,False,True,0,False,"0,1,2,3","[128, 128]",2,False,0,False,False,False,False,False,False,False,False,False,False,False,False,False,False,False,,512,1,20,99,2025-11-24 19-43-52,save/maml_wind_5_way_5_shot_2025_11_24_13_16_57/min-vl.pth,
DLinear,wind/Zone4/Zone4.csv,,0.8531883,0.72502434,,,,,,,,,,long_term_forecast_wind_96_16_DLinear_custom_ftMS_sl96_ll96_pl16_dm128_nh8_el2_dl1_dmavg_ma25_df2048_expand2_dc4_fc1_ebtimeF_dtTrue_deExp_2025-11-24 19-44-33,2021,long_term_forecast,1,wind_96_16,custom,MS,wind,t,0,StandardScaler,0,0.9,False,96,96,16,Monthly,False,0.25,0.25,2,4,5,6,5,5,5,128,8,2,1,2048,25,avg,1,True,0.1,timeF,gelu,False,1,moving_avg,1,0,1,,48,0,100,16,32,15,0.0001,Exp,auto,type1,False,True,0,False,"0,1,2,3","[128, 128]",2,False,0,False,False,False,False,False,False,False,False,False,False,False,False,False,False,False,,512,1,20,99,2025-11-24 19-44-33,save/maml_wind_5_way_5_shot_2025_11_24_13_16_57/min-vl.pth,
DLinear,wind/Zone5/Zone5.csv,,0.80717915,0.7218236,,,,,,,,,,long_term_forecast_wind_96_16_DLinear_custom_ftMS_sl96_ll96_pl16_dm128_nh8_el2_dl1_dmavg_ma25_df2048_expand2_dc4_fc1_ebtimeF_dtTrue_deExp_2025-11-24 19-44-56,2021,long_term_forecast,1,wind_96_16,custom,MS,wind,t,0,StandardScaler,0,0.9,False,96,96,16,Monthly,False,0.25,0.25,2,4,5,6,5,5,5,128,8,2,1,2048,25,avg,1,True,0.1,timeF,gelu,False,1,moving_avg,1,0,1,,48,0,100,16,32,15,0.0001,Exp,auto,type1,False,True,0,False,"0,1,2,3","[128, 128]",2,False,0,False,False,False,False,False,False,False,False,False,False,False,False,False,False,False,,512,1,20,99,2025-11-24 19-44-56,save/maml_wind_5_way_5_shot_2025_11_24_13_16_57/min-vl.pth,
DLinear,wind/Zone6/Zone6.csv,,0.77347714,0.70573676,,,,,,,,,,long_term_forecast_wind_96_16_DLinear_custom_ftMS_sl96_ll96_pl16_dm128_nh8_el2_dl1_dmavg_ma25_df2048_expand2_dc4_fc1_ebtimeF_dtTrue_deExp_2025-11-24 19-45-19,2021,long_term_forecast,1,wind_96_16,custom,MS,wind,t,0,StandardScaler,0,0.9,False,96,96,16,Monthly,False,0.25,0.25,2,4,5,6,5,5,5,128,8,2,1,2048,25,avg,1,True,0.1,timeF,gelu,False,1,moving_avg,1,0,1,,48,0,100,16,32,15,0.0001,Exp,auto,type1,False,True,0,False,"0,1,2,3","[128, 128]",2,False,0,False,False,False,False,False,False,False,False,False,False,False,False,False,False,False,,512,1,20,99,2025-11-24 19-45-19,save/maml_wind_5_way_5_shot_2025_11_24_13_16_57/min-vl.pth,
DLinear,wind/Zone7/Zone7.csv,,0.8733403,0.71763533,,,,,,,,,,long_term_forecast_wind_96_16_DLinear_custom_ftMS_sl96_ll96_pl16_dm128_nh8_el2_dl1_dmavg_ma25_df2048_expand2_dc4_fc1_ebtimeF_dtTrue_deExp_2025-11-24 19-45-40,2021,long_term_forecast,1,wind_96_16,custom,MS,wind,t,0,StandardScaler,0,0.9,False,96,96,16,Monthly,False,0.25,0.25,2,4,5,6,5,5,5,128,8,2,1,2048,25,avg,1,True,0.1,timeF,gelu,False,1,moving_avg,1,0,1,,48,0,100,16,32,15,0.0001,Exp,auto,type1,False,True,0,False,"0,1,2,3","[128, 128]",2,False,0,False,False,False,False,False,False,False,False,False,False,False,False,False,False,False,,512,1,20,99,2025-11-24 19-45-40,save/maml_wind_5_way_5_shot_2025_11_24_13_16_57/min-vl.pth,
DLinear,wind/Zone8/Zone8.csv,,0.8247726,0.6929795,,,,,,,,,,long_term_forecast_wind_96_16_DLinear_custom_ftMS_sl96_ll96_pl16_dm128_nh8_el2_dl1_dmavg_ma25_df2048_expand2_dc4_fc1_ebtimeF_dtTrue_deExp_2025-11-24 19-45-57,2021,long_term_forecast,1,wind_96_16,custom,MS,wind,t,0,StandardScaler,0,0.9,False,96,96,16,Monthly,False,0.25,0.25,2,4,5,6,5,5,5,128,8,2,1,2048,25,avg,1,True,0.1,timeF,gelu,False,1,moving_avg,1,0,1,,48,0,100,17,32,15,0.0001,Exp,auto,type1,False,True,0,False,"0,1,2,3","[128, 128]",2,False,0,False,False,False,False,False,False,False,False,False,False,False,False,False,False,False,,512,1,20,99,2025-11-24 19-45-57,save/maml_wind_5_way_5_shot_2025_11_24_13_16_57/min-vl.pth,
DLinear,wind/Zone9/Zone9.csv,,0.74545807,0.6700081,,,,,,,,,,long_term_forecast_wind_96_16_DLinear_custom_ftMS_sl96_ll96_pl16_dm128_nh8_el2_dl1_dmavg_ma25_df2048_expand2_dc4_fc1_ebtimeF_dtTrue_deExp_2025-11-24 19-46-12,2021,long_term_forecast,1,wind_96_16,custom,MS,wind,t,0,StandardScaler,0,0.9,False,96,96,16,Monthly,False,0.25,0.25,2,4,5,6,5,5,5,128,8,2,1,2048,25,avg,1,True,0.1,timeF,gelu,False,1,moving_avg,1,0,1,,48,0,100,16,32,15,0.0001,Exp,auto,type1,False,True,0,False,"0,1,2,3","[128, 128]",2,False,0,False,False,False,False,False,False,False,False,False,False,False,False,False,False,False,,512,1,20,99,2025-11-24 19-46-12,save/maml_wind_5_way_5_shot_2025_11_24_13_16_57/min-vl.pth,
DLinear,wind/Zone10/Zone10.csv,,0.8220629,0.74092215,,,,,,,,,,long_term_forecast_wind_96_16_DLinear_custom_ftMS_sl96_ll96_pl16_dm128_nh8_el2_dl1_dmavg_ma25_df2048_expand2_dc4_fc1_ebtimeF_dtTrue_deExp_2025-11-24 19-46-24,2021,long_term_forecast,1,wind_96_16,custom,MS,wind,t,0,StandardScaler,0,0.9,False,96,96,16,Monthly,False,0.25,0.25,2,4,5,6,5,5,5,128,8,2,1,2048,25,avg,1,True,0.1,timeF,gelu,False,1,moving_avg,1,0,1,,48,0,100,16,32,15,0.0001,Exp,auto,type1,False,True,0,False,"0,1,2,3","[128, 128]",2,False,0,False,False,False,False,False,False,False,False,False,False,False,False,False,False,False,,512,1,20,99,2025-11-24 19-46-24,save/maml_wind_5_way_5_shot_2025_11_24_13_16_57/min-vl.pth,

DLinear,wind/Zone1/Zone1.csv,only zone1 is used,0.8384087,0.6879237,,,,,,,,,,long_term_forecast_wind_96_16_DLinear_custom_ftMS_sl96_ll96_pl16_dm128_nh8_el2_dl1_dmavg_ma25_df2048_expand2_dc4_fc1_ebtimeF_dtTrue_deExp_2025-11-24 14-19-46,2021,long_term_forecast,0,wind_96_16,custom,MS,wind,t,0,StandardScaler,0,0.9,False,96,96,16,Monthly,False,0.25,0.25,2,4,5,6,5,5,5,128,8,2,1,2048,25,avg,1,True,0.1,timeF,gelu,False,1,moving_avg,1,0,1,,48,0,100,,32,15,0.0001,Exp,auto,type1,False,True,0,False,"0,1,2,3","[128, 128]",2,False,0,False,False,False,False,False,False,False,False,False,False,False,False,False,False,False,,512,1,20,99,2025-11-24 14-19-46,,save/maml_wind_1_way_5_shot_2025_11_25_13_38_43/min-vl.pth
DLinear,wind/Zone2/Zone2.csv,,0.8679082,0.72210526,,,,,,,,,,long_term_forecast_wind_96_16_DLinear_custom_ftMS_sl96_ll96_pl16_dm128_nh8_el2_dl1_dmavg_ma25_df2048_expand2_dc4_fc1_ebtimeF_dtTrue_deExp_2025-11-24 14-19-46,2021,long_term_forecast,0,wind_96_16,custom,MS,wind,t,0,StandardScaler,0,0.9,False,96,96,16,Monthly,False,0.25,0.25,2,4,5,6,5,5,5,128,8,2,1,2048,25,avg,1,True,0.1,timeF,gelu,False,1,moving_avg,1,0,1,,48,0,100,,32,15,0.0001,Exp,auto,type1,False,True,0,False,"0,1,2,3","[128, 128]",2,False,0,False,False,False,False,False,False,False,False,False,False,False,False,False,False,False,,512,1,20,99,2025-11-24 14-19-46,,save/maml_wind_1_way_5_shot_2025_11_25_13_38_43/min-vl.pth
DLinear,wind/Zone3/Zone3.csv,,0.7414258,0.6868503,,,,,,,,,,long_term_forecast_wind_96_16_DLinear_custom_ftMS_sl96_ll96_pl16_dm128_nh8_el2_dl1_dmavg_ma25_df2048_expand2_dc4_fc1_ebtimeF_dtTrue_deExp_2025-11-24 14-19-46,2021,long_term_forecast,0,wind_96_16,custom,MS,wind,t,0,StandardScaler,0,0.9,False,96,96,16,Monthly,False,0.25,0.25,2,4,5,6,5,5,5,128,8,2,1,2048,25,avg,1,True,0.1,timeF,gelu,False,1,moving_avg,1,0,1,,48,0,100,,32,15,0.0001,Exp,auto,type1,False,True,0,False,"0,1,2,3","[128, 128]",2,False,0,False,False,False,False,False,False,False,False,False,False,False,False,False,False,False,,512,1,20,99,2025-11-24 14-19-46,,save/maml_wind_1_way_5_shot_2025_11_25_13_38_43/min-vl.pth
DLinear,wind/Zone4/Zone4.csv,,0.82664955,0.7186029,,,,,,,,,,long_term_forecast_wind_96_16_DLinear_custom_ftMS_sl96_ll96_pl16_dm128_nh8_el2_dl1_dmavg_ma25_df2048_expand2_dc4_fc1_ebtimeF_dtTrue_deExp_2025-11-24 14-19-46,2021,long_term_forecast,0,wind_96_16,custom,MS,wind,t,0,StandardScaler,0,0.9,False,96,96,16,Monthly,False,0.25,0.25,2,4,5,6,5,5,5,128,8,2,1,2048,25,avg,1,True,0.1,timeF,gelu,False,1,moving_avg,1,0,1,,48,0,100,,32,15,0.0001,Exp,auto,type1,False,True,0,False,"0,1,2,3","[128, 128]",2,False,0,False,False,False,False,False,False,False,False,False,False,False,False,False,False,False,,512,1,20,99,2025-11-24 14-19-46,,save/maml_wind_1_way_5_shot_2025_11_25_13_38_43/min-vl.pth
DLinear,wind/Zone5/Zone5.csv,,0.80844283,0.7263451,,,,,,,,,,long_term_forecast_wind_96_16_DLinear_custom_ftMS_sl96_ll96_pl16_dm128_nh8_el2_dl1_dmavg_ma25_df2048_expand2_dc4_fc1_ebtimeF_dtTrue_deExp_2025-11-24 14-19-46,2021,long_term_forecast,0,wind_96_16,custom,MS,wind,t,0,StandardScaler,0,0.9,False,96,96,16,Monthly,False,0.25,0.25,2,4,5,6,5,5,5,128,8,2,1,2048,25,avg,1,True,0.1,timeF,gelu,False,1,moving_avg,1,0,1,,48,0,100,,32,15,0.0001,Exp,auto,type1,False,True,0,False,"0,1,2,3","[128, 128]",2,False,0,False,False,False,False,False,False,False,False,False,False,False,False,False,False,False,,512,1,20,99,2025-11-24 14-19-46,,save/maml_wind_1_way_5_shot_2025_11_25_13_38_43/min-vl.pth
DLinear,wind/Zone6/Zone6.csv,,0.7784083,0.71248716,,,,,,,,,,long_term_forecast_wind_96_16_DLinear_custom_ftMS_sl96_ll96_pl16_dm128_nh8_el2_dl1_dmavg_ma25_df2048_expand2_dc4_fc1_ebtimeF_dtTrue_deExp_2025-11-24 14-19-46,2021,long_term_forecast,0,wind_96_16,custom,MS,wind,t,0,StandardScaler,0,0.9,False,96,96,16,Monthly,False,0.25,0.25,2,4,5,6,5,5,5,128,8,2,1,2048,25,avg,1,True,0.1,timeF,gelu,False,1,moving_avg,1,0,1,,48,0,100,,32,15,0.0001,Exp,auto,type1,False,True,0,False,"0,1,2,3","[128, 128]",2,False,0,False,False,False,False,False,False,False,False,False,False,False,False,False,False,False,,512,1,20,99,2025-11-24 14-19-46,,save/maml_wind_1_way_5_shot_2025_11_25_13_38_43/min-vl.pth
DLinear,wind/Zone7/Zone7.csv,,0.8862634,0.722304,,,,,,,,,,long_term_forecast_wind_96_16_DLinear_custom_ftMS_sl96_ll96_pl16_dm128_nh8_el2_dl1_dmavg_ma25_df2048_expand2_dc4_fc1_ebtimeF_dtTrue_deExp_2025-11-24 14-19-46,2021,long_term_forecast,0,wind_96_16,custom,MS,wind,t,0,StandardScaler,0,0.9,False,96,96,16,Monthly,False,0.25,0.25,2,4,5,6,5,5,5,128,8,2,1,2048,25,avg,1,True,0.1,timeF,gelu,False,1,moving_avg,1,0,1,,48,0,100,,32,15,0.0001,Exp,auto,type1,False,True,0,False,"0,1,2,3","[128, 128]",2,False,0,False,False,False,False,False,False,False,False,False,False,False,False,False,False,False,,512,1,20,99,2025-11-24 14-19-46,,save/maml_wind_1_way_5_shot_2025_11_25_13_38_43/min-vl.pth
DLinear,wind/Zone8/Zone8.csv,,0.8424404,0.7000446,,,,,,,,,,long_term_forecast_wind_96_16_DLinear_custom_ftMS_sl96_ll96_pl16_dm128_nh8_el2_dl1_dmavg_ma25_df2048_expand2_dc4_fc1_ebtimeF_dtTrue_deExp_2025-11-24 14-19-46,2021,long_term_forecast,0,wind_96_16,custom,MS,wind,t,0,StandardScaler,0,0.9,False,96,96,16,Monthly,False,0.25,0.25,2,4,5,6,5,5,5,128,8,2,1,2048,25,avg,1,True,0.1,timeF,gelu,False,1,moving_avg,1,0,1,,48,0,100,,32,15,0.0001,Exp,auto,type1,False,True,0,False,"0,1,2,3","[128, 128]",2,False,0,False,False,False,False,False,False,False,False,False,False,False,False,False,False,False,,512,1,20,99,2025-11-24 14-19-46,,save/maml_wind_1_way_5_shot_2025_11_25_13_38_43/min-vl.pth
DLinear,wind/Zone9/Zone9.csv,,0.7520065,0.6737594,,,,,,,,,,long_term_forecast_wind_96_16_DLinear_custom_ftMS_sl96_ll96_pl16_dm128_nh8_el2_dl1_dmavg_ma25_df2048_expand2_dc4_fc1_ebtimeF_dtTrue_deExp_2025-11-24 14-19-46,2021,long_term_forecast,0,wind_96_16,custom,MS,wind,t,0,StandardScaler,0,0.9,False,96,96,16,Monthly,False,0.25,0.25,2,4,5,6,5,5,5,128,8,2,1,2048,25,avg,1,True,0.1,timeF,gelu,False,1,moving_avg,1,0,1,,48,0,100,,32,15,0.0001,Exp,auto,type1,False,True,0,False,"0,1,2,3","[128, 128]",2,False,0,False,False,False,False,False,False,False,False,False,False,False,False,False,False,False,,512,1,20,99,2025-11-24 14-19-46,,save/maml_wind_1_way_5_shot_2025_11_25_13_38_43/min-vl.pth
DLinear,wind/Zone10/Zone10.csv,,0.84852093,0.75358737,,,,,,,,,,long_term_forecast_wind_96_16_DLinear_custom_ftMS_sl96_ll96_pl16_dm128_nh8_el2_dl1_dmavg_ma25_df2048_expand2_dc4_fc1_ebtimeF_dtTrue_deExp_2025-11-24 14-19-46,2021,long_term_forecast,0,wind_96_16,custom,MS,wind,t,0,StandardScaler,0,0.9,False,96,96,16,Monthly,False,0.25,0.25,2,4,5,6,5,5,5,128,8,2,1,2048,25,avg,1,True,0.1,timeF,gelu,False,1,moving_avg,1,0,1,,48,0,100,,32,15,0.0001,Exp,auto,type1,False,True,0,False,"0,1,2,3","[128, 128]",2,False,0,False,False,False,False,False,False,False,False,False,False,False,False,False,False,False,,512,1,20,99,2025-11-24 14-19-46,,save/maml_wind_1_way_5_shot_2025_11_25_13_38_43/min-vl.pth

DLinear,wind/Zone1/Zone1.csv,,0.8981624,0.7354565,,,,,,,,,,long_term_forecast_wind_96_16_DLinear_custom_ftMS_sl96_ll96_pl16_dm128_nh8_el2_dl1_dmavg_ma25_df2048_expand2_dc4_fc1_ebtimeF_dtTrue_deExp_2025-11-25 14-25-41,2021,long_term_forecast,1,wind_96_16,custom,MS,wind,t,0,StandardScaler,0,0.9,False,96,96,16,Monthly,False,0.25,0.25,2,4,5,6,5,5,5,128,8,2,1,2048,25,avg,1,True,0.1,timeF,gelu,False,1,moving_avg,1,0,1,,48,0,400,130,32,100,0.0001,Exp,auto,type1,False,True,0,False,"0,1,2,3","[128, 128]",2,False,0,False,False,False,False,False,False,False,False,False,False,False,False,False,False,False,,512,1,20,99,2025-11-25 14-25-41,,
DLinear,wind/Zone1/Zone1.csv,,0.8981624,0.7354565,,,,,,,,,,long_term_forecast_wind_96_16_DLinear_custom_ftMS_sl96_ll96_pl16_dm128_nh8_el2_dl1_dmavg_ma25_df2048_expand2_dc4_fc1_ebtimeF_dtTrue_deExp_2025-11-25 14-33-08,2021,long_term_forecast,1,wind_96_16,custom,MS,wind,t,0,StandardScaler,0,0.9,False,96,96,16,Monthly,False,0.25,0.25,2,4,5,6,5,5,5,128,8,2,1,2048,25,avg,1,True,0.1,timeF,gelu,False,1,moving_avg,1,0,1,,48,0,1000,180,32,150,0.0001,Exp,auto,type1,False,True,0,False,"0,1,2,3","[128, 128]",2,False,0,False,False,False,False,False,False,False,False,False,False,False,False,False,False,False,,512,1,20,99,2025-11-25 14-33-08,,

